,w1,w2,mu,stdev,model
0,-0.9494327923348987,0.05056720766510128,-9.041756857855747,0.001001573888721281,3
